album_id,name,artist,no_tracks,release_date,popularity,genres
Lxkvhp652FA,Hollywood's Bleeding,Aapbwg488DY,17,2019-09-06 00:00:00,89,[]
Lhwhfz974QD,Shawn Mendes (Deluxe),Aoiekc907LD,16,2019-06-19 00:00:00,76,[]
Lnqeii470SX,Divinely Uninspired To A Hellish Extent,Adecdw721RE,12,2019-05-17 00:00:00,86,[]
Lomcxw030XN,Please Excuse Me for Being Antisocial,Aopefo013AM,16,2019-12-06 00:00:00,82,[]
Lsmpge491IU,"WHEN WE ALL FALL ASLEEP, WHERE DO WE GO?",Akczza920HQ,14,2019-03-29 00:00:00,89,[]
Lytzcn405QY,Fine Line,Apztyy158PM,12,2019-12-13 00:00:00,92,[]
Lrwykp161GL,JACKBOYS,Autukh297OJ,7,2019-12-27 00:00:00,80,[]
Ljnciq598NY,Romance,Auztlk030MY,14,2019-12-06 00:00:00,76,[]
Lticzq921MA,KIRK,Adfswq621OR,13,2019-09-27 00:00:00,79,[]
Lxzowc539IH,No.6 Collaborations Project,Aulenb740HF,15,2019-07-12 00:00:00,82,[]
Lnvolo862MP,Goodbye & Good Riddance,Agxoxj358CJ,17,2018-12-10 00:00:00,89,[]
Lahaag618DP,Divinely Uninspired To A Hellish Extent (Extended Edition),Adecdw721RE,15,2019-11-22 00:00:00,79,[]
Lqamwa613OI,"thank u, next",Apkgmp051IT,12,2019-02-08 00:00:00,87,[]
Lkokgv813PG,OASIS,Avfjzx106RC,8,2019-06-28 00:00:00,83,[]
Lifwim859EG,7 EP,Autxgl880SJ,8,2019-06-21 00:00:00,81,[]
Llsbfz949UF,Melly vs. Melvin,Aezhvl437CV,14,2019-11-22 00:00:00,74,[]
Lggenz209TF,Intimo,Apzcbx799GY,15,2019-11-01 00:00:00,74,[]
Libxqk501UX,‘The ReVe Festival’ Finale,Aebuab478KW,16,2019-12-23 00:00:00,72,[]
Ljjmnm790TG,Famouz,Ansdhp180ZW,13,2019-05-24 00:00:00,74,[]
Lvzapz844IM,We Love You Tecca,Akzkad529ZW,18,2019-08-30 00:00:00,82,[]
Lvpmai526JG,Perfect Ten,Agugoe424QQ,10,2019-06-28 00:00:00,78,[]
Lszydu327XV,Melt (Deluxe),Apstnx397JU,15,2019-12-27 00:00:00,0,[]
Lxxpqx862BU,A Star Is Born Soundtrack,Abvrrh783GZ,34,2018-10-05 00:00:00,81,[]
Logawl311NM,Good as Hell (feat. Ariana Grande) [Remix],Avxxpu627LZ,2,2016-01-01 00:00:00,64,[]
Lyebcu703HZ,Heavy Is The Head,Aeljyz455UH,16,2019-12-13 00:00:00,74,[]
Laorao399GU,YOU,Aatdqc018ZR,9,2019-11-08 00:00:00,76,[]
Lasoxf168VE,Death Race For Love,Agxoxj358CJ,22,2019-03-08 00:00:00,86,[]
Lclkdp515YG,~how i'm feeling~,Aivlsf137OU,7,2019-11-14 00:00:00,0,[]
Laepmi892JV,Épico,Anxzpq809OK,14,2019-10-25 00:00:00,71,[]
Lcuugi835JS,Happiness Begins,Akxmyr892MW,14,2019-06-07 00:00:00,79,[]
Lytfts998JY,÷ (Deluxe),Aulenb740HF,16,2017-03-03 00:00:00,91,[]
Lwihmt048GR,A Night At The Opera (2011 Remaster),Aynmgo955OB,12,1975-11-21 00:00:00,76,[]
Lzvsme224OJ,Cuz I Love You (Deluxe),Avxxpu627LZ,14,2019-05-03 00:00:00,64,[]
Lorrcf901YD,beerbongs & bentleys,Aapbwg488DY,18,2018-04-27 00:00:00,87,[]
Ljyppn397HO,Carte Blanche,Atfkol798DD,17,2019-07-25 00:00:00,75,[]
Luwoqj038YL,The Academy,Azaqam006PR,7,2019-10-11 00:00:00,76,[]
Ljtepg498XL,The Best In The World Pack,Afavko122BS,2,2019-06-15 00:00:00,72,[]
Lpcelf426BW,ASTROWORLD,Atnyaa271RZ,17,2018-08-03 00:00:00,88,[]
Lyzijt635TB,Red Pill Blues (Deluxe),Akfizu190BH,22,2018-06-15 00:00:00,78,[]
Lvaodt501JF,Evolve,Acvxhp847TQ,12,2017-06-23 00:00:00,86,[]
Lwkwiz248JN,Frozen 2 (Original Motion Picture Soundtrack/Deluxe Edition),Aknoej147MG,46,2019-11-15 00:00:00,79,[]
Lwoowc269EJ,Indigo,Akraho064ZD,32,2019-06-28 00:00:00,77,[]
Lojvgw467NQ,?,Aaggjz185JM,18,2018-03-16 00:00:00,90,[]
Lrzcqz119PP,Pray for the Wicked,Athwvl233ZU,11,2018-06-22 00:00:00,78,[]
Linxgm489FN,So Much Fun (Deluxe),Auryuw432BY,24,2019-12-20 00:00:00,67,[]
Lsfqgi393QV,Baby On Baby,Adfswq621OR,13,2019-03-01 00:00:00,74,[]
Ldxdxu388BP,World War Joy,Avgule134IT,10,2019-12-06 00:00:00,78,[]
Ltvovz987WD,MONTANA,Almvpr235JK,20,2019-12-06 00:00:00,66,[]
Lkeszg666GV,Hot Pink,Askyst727PF,12,2019-11-07 00:00:00,87,[]
Lpdmjh140XF,Amala,Askyst727PF,13,2018-03-30 00:00:00,71,[]
Lfmxsf881WX,FRIENDS KEEP SECRETS,Atoclw873LR,7,2018-12-07 00:00:00,71,[]
Lzwano831WU,Scorpion,Afavko122BS,25,2018-06-29 00:00:00,86,[]
Lixind969OM,Panini,Autxgl880SJ,2,2019-09-13 00:00:00,71,[]
Lccyrx668RZ,Free Spirit,Aqtpjw840FT,17,2019-04-05 00:00:00,77,[]
Lwqgdx977OH,Certified Hitmaker,Ahefie521LL,14,2019-11-08 00:00:00,70,[]
Lgktwp588GK,Jazz (2011 Remaster),Aynmgo955OB,13,1978-11-10 00:00:00,76,[]
Laxhdh192DO,Ivy To Roses (Mixtape),Aucnhi103YE,15,2019-01-18 00:00:00,73,[]
Lozorw262AX,Birds In The Trap Sing McKnight,Atnyaa271RZ,14,2016-09-16 00:00:00,83,[]
Lechrp811MS,Back from the Edge,Apyaoe284MG,17,2016-10-28 00:00:00,84,[]
Ltjbfz358HJ,Platte,Aozrai248TI,8,2019-10-25 00:00:00,70,[]
Lntwhd004DC,Merry Christmas,Aftbfb889MI,10,1994-11-01 00:00:00,71,[]
Lmcocg353EW,11:11,Aljgsw978BP,16,2019-05-17 00:00:00,77,[]
Lgrwoe176CM,Youngblood (Deluxe),Atuinq339WY,16,2018-06-15 00:00:00,81,[]
Lxnksj450JT,So Much Fun,Auryuw432BY,19,2019-08-16 00:00:00,75,[]
Laqxgd634LA,17,Aaggjz185JM,11,2017-08-25 00:00:00,88,[]
Llgbvc794OR,TRUE,Auedyx118TB,12,2013-09-13 00:00:00,8,[]
Lymxth799PX,I met you when I was 18. (the playlist),Aivlsf137OU,17,2018-05-31 00:00:00,81,[]
Lwanys837RK,Narrated For You,Aohbbm346VG,12,2018-11-16 00:00:00,84,[]
Lohhlw276DS,Lover,Ajnqvy441TG,18,2019-08-23 00:00:00,87,[]
Lqyzje134RW,A Place We Knew,Adxsoo040GB,12,2019-03-22 00:00:00,78,[]
Lhofib592FJ,DROPPED OUTTA COLLEGE,Aevmxv032MK,8,2019-11-22 00:00:00,74,[]
Lswteg424RZ,Memories...Do Not Open,Avgule134IT,12,2017-04-07 00:00:00,79,[]
Lparsz010BY,The Heist,Alpwfr018RB,15,2012-10-09 00:00:00,78,[]
Ljmdgl011XA,Speak Your Mind (Deluxe),Ajpqfk054TF,18,2018-04-27 00:00:00,77,[]
Lcgyfe708UO,Love In The Future (Expanded Edition),Acfbkh603MR,20,2013-08-30 00:00:00,79,[]
Ldakhg027FX,A Love Letter To You 4,Assnvy671FH,21,2019-11-22 00:00:00,78,[]
Ljaewl762ZY,Post Malone (feat. RANI) [Joe Stone Remix],Avkpmy485VX,2,2019-08-16 00:00:00,64,[]
Lbsdcb810BW,"Don't Forget About Me, Demos",Asuojj767AA,6,2018-10-16 00:00:00,71,[]
Lvmvdt087XY,Zone 59,Aavjyf751HP,21,2019-11-29 00:00:00,59,[]
Ltexmi971ZO,BALLADS 1,Athsfw932GI,12,2018-10-26 00:00:00,83,[]
Lkarop094OU,Nibiru,Akmfcf543VU,18,2019-11-29 00:00:00,70,[]
Ltkflz424AF,The Game (2011 Remaster),Aynmgo955OB,10,1980-06-27 00:00:00,78,[]
Lueqnh153GL,Dua Lipa (Complete Edition),Azvkpw399TU,25,2015-01-01 00:00:00,54,[]
Ltdbrc451RY,Camila,Auztlk030MY,11,2018-01-12 00:00:00,79,[]
Lwapfh019ZF,Championships,Adgtoc789BF,19,2018-11-30 00:00:00,77,[]
Lomhyq968OC,GINGER,Abmpeq084TT,12,2019-08-23 00:00:00,72,[]
Lfemvf869ZG,O Embaixador in Cariri (Ao Vivo),Aibysa619BY,17,2019-12-05 00:00:00,67,[]
Ltuapx610EH,Living Facts,Axsccy438DL,3,2018-06-03 00:00:00,67,[]
Lyyqfs256RW,Soul Searching,Asbteg742KP,11,2019-08-09 00:00:00,76,[]
Lhdzze510VG,"All I Want (From ""High School Musical: The Musical: The Series"")",Abiswn045GZ,2,2019-11-27 00:00:00,69,[]
Lxtmrr351SJ,x (Wembley Edition),Aulenb740HF,24,2013-01-01 00:00:00,68,[]
Lmszfm128VB,Historias de un Capricornio,Aavyqb155FC,15,2019-12-20 00:00:00,68,[]
Luwfng335SS,Currents,Aggbmb023AK,13,2015-07-17 00:00:00,83,[]
Lahllb052NH,Suncity,Aqtpjw840FT,7,2018-10-18 00:00:00,74,[]
Lpddjc308UY,Rare,Adpcab371AB,13,2020-01-10 00:00:00,78,[]
Lncska782JC,Music To Be Murdered By,Aarvof428TN,20,2020-01-17 00:00:00,83,[]
Lnfmmk242SC,Circles,Acreoe822GJ,12,2020-01-17 00:00:00,79,[]
Lqhlfj823IO,Manic,Acbdhh778WH,16,2020-01-17 00:00:00,78,[]
Lxqumd070QF,I Don't Speak The Language,Ajxqkk090XH,9,1983-03-19 00:00:00,67,[]
Lilktk820ND,Where the Light Is,Airlxl550TJ,10,2019-01-06 00:00:00,74,[]
Lwsdwe326UO,Big Drip,Awaxtd830EO,2,2020-01-17 00:00:00,46,[]
Lzoxha825CT,MAP OF THE SOUL : PERSONA,Arottg631PO,7,2019-04-12 00:00:00,82,[]
Lmmxfd364MU,Les derniers salopards,Avtoiu935SD,14,2020-01-16 00:00:00,68,[]
Lhnygi002IP,Cuz I Love You (Super Deluxe),Avxxpu627LZ,16,2019-04-19 00:00:00,71,[]
Luzinu162FV,dont smile at me (Expanded Edition),Akczza920HQ,11,2017-08-11 00:00:00,53,[]
Lvbivg272BO,Funeral,Atuyjh760RM,24,2020-01-31 00:00:00,63,[]
Lbeyve438SY,"Ao Vivo no Ibirapuera, Vol. 1",Aewjvv081CT,7,2020-01-31 00:00:00,38,[]
Lqdbgh839ET,Easy Money Baby,Asmehx662RM,18,2020-01-24 00:00:00,79,[]
Lffzik951LC,IGOR,Aijpnr966ZK,12,2019-05-17 00:00:00,83,[]
Luwvov272UC,"Oral Fixation, Vol. 2 (Expanded Edition)",Aaezpd047DX,13,2005-11-28 00:00:00,76,[]
Litmxd611ZG,Medusa,Ansdhp180ZW,2,2020-02-05 00:00:00,62,[]
Lgortg223KD,Just Lose It,Aarvof428TN,2,2004-01-01 00:00:00,70,[]
Ljqlze943WZ,The Thrill Of It All (Special Edition),Aypzvu717DW,14,2017-11-03 00:00:00,77,[]
Liczyu305VX,Changes,Azwhoy014ZU,17,2020-02-14 00:00:00,79,[]
Lyauxs440NX,Artist 2.0,Atypyo381YA,20,2020-02-14 00:00:00,75,[]
Lasbee537FH,The Slow Rush,Aggbmb023AK,12,2020-02-14 00:00:00,77,[]
Lszgyy741GL,MAP OF THE SOUL : 7,Arottg631PO,20,2020-02-21 00:00:00,86,[]
Lddjgr034IW,Meet The Woo,Aglqof902EJ,9,2019-07-26 00:00:00,80,[]
Lbzpxq700TZ,Starboy,Ahvkzg475WU,18,2016-11-25 00:00:00,87,[]
Letgrj379PI,Wayy 2 Kritical,Atbebp272AN,15,2019-06-21 00:00:00,55,[]
Lkpmyr327AB,"My Dear Melancholy,",Ahvkzg475WU,7,2018-03-30 00:00:00,79,[]
Lnqghd335YC,YHLQMDLG,Aayrna027II,20,2020-02-29 00:00:00,91,[]
Lhhldw073WR,Rojo,Avfjzx106RC,3,2020-02-27 00:00:00,64,[]
Lxdnqx622QK,My Turn,Ahidqz036ED,20,2020-02-28 00:00:00,77,[]
Lkqtng525ZO,Rare (Bonus Track Version),Adpcab371AB,14,2020-01-10 00:00:00,0,[]
Lrwmvd921NZ,PTSD,Afayxr279BK,14,2020-02-28 00:00:00,13,[]
Lstbii825BH,Nicotine,Asdmap686IY,10,2020-03-26 00:00:00,38,[]
Lqnzwq267DU,Colores,Avfjzx106RC,10,2020-03-19 00:00:00,78,[]
Lkbqkf319FK,STELLA & STEVE,Actyis980LK,5,2019-11-15 00:00:00,71,[]
Lzzdkp727XY,Sweet Action,Ausypa539KO,7,2020-03-13 00:00:00,78,[]
Lhulny681KZ,Eternal Atake,Amphgo978MR,18,2020-03-06 00:00:00,79,[]
Lkwpap518MS,Suga,Ajehhs105MF,9,2020-03-06 00:00:00,72,[]
Lmraws240UM,Eternal Atake (Deluxe) - LUV vs. The World 2,Amphgo978MR,32,2020-03-13 00:00:00,78,[]
Lpbodv719GV,Heaven Or Hell,Apnyif698QC,12,2020-03-13 00:00:00,82,[]
Ljnrtm024IL,In Your Eyes (feat. Alida),Aaaatw259CH,3,2020-01-10 00:00:00,63,[]
Loyzjq130GC,Kid Krow,Aqolfb546HB,12,2020-03-20 00:00:00,85,[]
Lptgeu590FA,It'z Me,Axtglg096JY,7,2020-03-09 00:00:00,70,[]
Lcuoud251XT,Make You Mine,Aovagj008YA,3,2019-08-09 00:00:00,72,[]
Lcxjhh770IU,Heartbreak Weather,Atqnbh035UO,14,2020-03-13 00:00:00,76,[]
Lqvihi241CM,Chixtape 5,Aciojt073HK,18,2019-11-15 00:00:00,72,[]
Ltyinu250QW,LOST,Asbgfm853AO,7,2019-11-08 00:00:00,1,[]
Lalfwi622LM,Luv Is Rage 2,Amphgo978MR,16,2017-08-25 00:00:00,83,[]
Lfwqol482XT,Chilombo,Ageupe413DG,20,2020-03-06 00:00:00,72,[]
Lmxfpi023PA,Future Nostalgia,Azvkpw399TU,11,2020-03-27 00:00:00,87,[]
Lsvsya889XC,PARTYMOBILE,Asnaxn657AM,15,2020-03-27 00:00:00,73,[]
Lppblv019UL,CALM,Atuinq339WY,12,2020-03-27 00:00:00,2,[]
Lythlg181YJ,Salt,Ayfppz567IR,3,2019-12-12 00:00:00,3,[]
Lxcpiq834HY,13 Reasons Why (Season 3),Atuinq339WY,18,2019-08-23 00:00:00,72,[]
Lclecd895HG,Kings & Queens,Ayfppz567IR,2,2020-03-12 00:00:00,4,[]
Ldtjtn552DM,Rare (Deluxe),Adpcab371AB,17,2020-04-09 00:00:00,55,[]
Lcdagf635DD,The New Toronto 3,Aciojt073HK,16,2020-04-10 00:00:00,74,[]
Lbfdeg549HU,BLAME IT ON BABY,Adfswq621OR,13,2020-04-17 00:00:00,80,[]
Lawqiq458WC,Gimme Love,Athsfw932GI,2,2020-04-16 00:00:00,62,[]
Lgduba089VJ,FERXXO (VOL 1: M.O.R),Axwbrm994KW,16,2020-04-23 00:00:00,68,[]
Lwwuft602SM,Cry Baby (Deluxe Edition),Azijiy664VW,16,2015-08-14 00:00:00,86,[]
Loiukf522RV,If You’re Too Shy (Let Me Know),Aqlfdj007CM,2,2020-04-23 00:00:00,55,[]
Llgzaf636NF,Dark Lane Demo Tapes,Afavko122BS,14,2020-05-01 00:00:00,80,[]
Lduqra774LN,LAS QUE NO IBAN A SALIR,Aayrna027II,10,2020-05-10 00:00:00,79,[]
Ljkjfj301MB,Good Intentions,Azhxdm484OY,18,2020-05-08 00:00:00,68,[]
Lssmps269KX,State of Emergency,Axhbpb739OB,7,2020-05-08 00:00:00,68,[]
Ljfjnf274WK,It Was Good Until It Wasn't,Aszcyv203WC,15,2020-05-08 00:00:00,73,[]
Lhoblr445CE,High Off Life,Amvniq015JL,21,2020-05-15 00:00:00,75,[]
Lrypux167QW,THE GOAT,Avetia825ZQ,16,2020-05-15 00:00:00,86,[]
Lnksxi172RB,XV,Akxmyr892MW,2,2020-05-15 00:00:00,64,[]
Lycmql991CG,1 of 1,Avlseu171IZ,21,2020-05-21 00:00:00,74,[]
Ltizsc706BR,THE END OF EVERYTHING,Aknkvu293GD,8,2020-05-15 00:00:00,77,[]
Liyxmi078DV,D-2,Agmdby379AN,10,2020-05-22 00:00:00,77,[]
Lbmzhp577TX,WUNNA,Afwbid521IE,18,2020-05-22 00:00:00,76,[]
Lwgnmb751PB,Slime & B,Akraho064ZD,13,2020-05-08 00:00:00,75,[]
Lyotzy370RU,ANGELS & DEMONS,Aciscn413EG,2,2020-05-19 00:00:00,28,[]
Lnovyu711WW,Chromatica,Abvrrh783GZ,16,2020-05-29 00:00:00,79,[]
Lvwrky386BM,Golden Hour,Adkylt150BZ,18,2020-05-29 00:00:00,77,[]
Ldndsc548GR,Emmanuel,Agnmah088WG,22,2020-05-29 00:00:00,79,[]
Lspezn283WX,MORE & MORE,Ahynuk774XP,7,2020-06-01 00:00:00,54,[]
Lnoftq996DK,Lil Boat 3,Admewj172RZ,19,2020-05-29 00:00:00,68,[]
Locgfi965WL,Sleepy Hallow Presents: Sleepy For President,Aakjsg787MC,12,2020-06-05 00:00:00,75,[]
Lqbccv481WW,We Sing. We Dance. We Steal Things.,Aidneu073AD,26,2008-05-01 00:00:00,70,[]
Lxejmy503QB,Synchronicity (Remastered 2003),Aclwws525VQ,11,1983-06-17 00:00:00,79,[]
Liilnm927QA,Translation,Aslifl582VN,15,2020-06-18 00:00:00,60,[]
Lspstp066NU,My Turn (Deluxe),Ahidqz036ED,26,2020-05-01 00:00:00,74,[]
Lpiwvp777LA,Banana (feat. Shaggy) [DJ FLe - Minisiren Remix],Acrnpj574HA,2,2020-05-15 00:00:00,62,[]
Lhwjsk361MN,Platonicos,Ajmdbs142RS,12,2020-06-12 00:00:00,79,[]
Lqofxo454RJ,Nothing Happens,Avrgie749HT,11,2019-03-22 00:00:00,79,[]
Ltnnlj439MG,I'm Gone,Axvjrq231TC,9,2020-06-12 00:00:00,74,[]
Ldhdmi707JW,Dream Your Life Away,Alsirs228WU,13,2014-09-08 00:00:00,76,[]
Lmnkws446NI,Hot Fuss,Aosmre896WU,12,2004-06-07 00:00:00,3,[]
Ldlazy005CB,All The Little Lights,Agazit733LS,12,2012-01-01 00:00:00,12,[]
Ljwsvz385HL,KILL THIS LOVE,Ajoqjc102NJ,5,2019-04-04 00:00:00,41,[]
Lnizwb109AR,Shoot For The Stars Aim For The Moon,Aglqof902EJ,19,2020-07-03 00:00:00,88,[]
Lguueu903JP,Escape,Ahtaxj045PB,14,1981-01-01 00:00:00,77,[]
Lkoing572SJ,Legends Never Die,Agxoxj358CJ,21,2020-07-10 00:00:00,5,[]
Lzubws130TB,Pray 4 Love,Aqambh110QF,14,2020-04-03 00:00:00,41,[]
Ltevkh363SU,Monster - The 1st Mini Album,Ajmmgn865UO,5,2020-07-06 00:00:00,64,[]
Lrgfad169SU,MAP OF THE SOUL : 7 ~ THE JOURNEY ~,Arottg631PO,13,2020-07-14 00:00:00,75,[]
Lpzthg371GO,Fallin',Akdjes767XR,7,2020-07-17 00:00:00,51,[]
Lbrhtu181HO,El Androide,Avxxjp562LF,20,2020-05-15 00:00:00,68,[]
Lacwrk800KG,folklore,Ajnqvy441TG,16,2020-07-24 00:00:00,87,[]
Lvdtbu255DG,Now Or Never,Avdygh385PX,18,2020-07-24 00:00:00,69,[]
Leevds950RE,Atrevido,Awjpjv305GT,10,2020-07-23 00:00:00,2,[]
Lhvkaw991IF,F*CK LOVE,Abicro618UA,15,2020-07-24 00:00:00,78,[]
Lmoeud655SU,Lewis Street,Avvnhp072IS,2,2020-07-22 00:00:00,63,[]
Lqfclc449ID,No Pressure,Awaqqn203RN,15,2020-07-24 00:00:00,70,[]
Ltsgek161XX,Midnight Memories (Deluxe),Ancmoa917TQ,18,2013-11-25 00:00:00,84,[]
Liodrf428OX,Treppenhaus,Aozrai248TI,12,2020-07-31 00:00:00,65,[]
Lwetxh744YR,Dopamine,Abpoer865YK,11,2015-10-16 00:00:00,79,[]
Lzfsav755YQ,BLAME IT ON BABY (DELUXE),Adfswq621OR,24,2020-08-04 00:00:00,72,[]
Lqzmdr297EZ,Top Shotta,Asuqsq097RK,20,2020-08-07 00:00:00,0,[]
Lwqnit335MT,Euphoria (Original Score from the HBO Series),Ajgxne659DY,26,2019-10-04 00:00:00,82,[]
Lsqcjr107NB,Viva el Perreo,Awzzrq094MY,14,2020-08-06 00:00:00,68,[]
Lvpjmu858RC,Pray 4 Love (Deluxe),Aqambh110QF,25,2020-08-07 00:00:00,42,[]
Ljheej768CW,"good kid, m.A.A.d city",Aedsuk032TQ,13,2012-01-01 00:00:00,74,[]
Lgdpwz644EX,Where The Shadow Ends,Aqefqw812QV,12,2019-10-04 00:00:00,74,[]
Lkgfir911FW,KitschKrieg,Axiqjr724AH,12,2020-08-07 00:00:00,67,[]
Lnppih248VR,The Time Of Our Lives (International Version),Agozci438NR,8,2009-01-01 00:00:00,78,[]
Lexuit177WY,Dynamite,Arottg631PO,2,2020-08-21 00:00:00,1,[]
Layvsm165BY,PAPI JUANCHO,Aljgsw978BP,22,2020-08-21 00:00:00,81,[]
Lghghr247DH,Not Shy,Axtglg096JY,6,2020-08-17 00:00:00,68,[]
Lkobng539ZC,DI LETRA,Atxtyp804KT,9,2020-04-03 00:00:00,69,[]
Lequat537YA,everything means nothing,Ambjdd541JR,12,2020-08-21 00:00:00,60,[]
Lbvhvk796ZD,Dynamite (DayTime Version),Arottg631PO,6,2020-08-28 00:00:00,70,[]
Lgigej692FG,B4 The Storm,Ajaocs394BA,17,2020-08-29 00:00:00,68,[]
Lcdnfi712WE,Smile,Anbnnh698MB,12,2020-08-28 00:00:00,52,[]
Lhokod068VA,I Love You.,Afyaxx183FL,11,2013-04-19 00:00:00,85,[]
Ldanci795FZ,Enoc,Akmfcf543VU,20,2020-09-04 00:00:00,81,[]
Lecvqb235IH,NAKAMURA (Deluxe Edition),Agzqwo232BF,19,2019-10-25 00:00:00,56,[]
Lnkpwz588ZC,Detroit 2,Aovfdm862YT,21,2020-09-04 00:00:00,75,[]
Leydsb745JO,TattleTales,Acjugn064JG,13,2020-09-04 00:00:00,68,[]
Lkhvfo324YG,Shoot For The Stars Aim For The Moon (Deluxe),Aglqof902EJ,34,2020-07-20 00:00:00,81,[]
Lahzdj827YS,Jerusalema,Alydsc545ZN,10,2020-01-24 00:00:00,70,[]
Liycga861XQ,For You,Akegnz757IA,13,2020-03-27 00:00:00,75,[]
Ldxbvl620RH,Máquina do Tempo,Addhxv539NS,7,2020-09-10 00:00:00,75,[]
Lrpotn253MQ,Hollywood,Abopzu106LE,13,2020-09-10 00:00:00,69,[]
Lukeiq369VA,Epidemic (Deluxe),Aqvdad455JD,20,2020-08-21 00:00:00,71,[]
Lnubeb173XD,Hozier,Aqheda833KW,13,2014-07-20 00:00:00,80,[]
Lypnpz370TY,THE ALBUM,Ajoqjc102NJ,8,2020-10-02 00:00:00,81,[]
Lszall161LD,SAVAGE MODE II,Aauack035RZ,15,2020-10-02 00:00:00,81,[]
Lanank171XV,Savage Love (Laxed - Siren Beat) [BTS Remix],Anvaiz798QD,2,2020-10-02 00:00:00,68,[]
Lfooot149TJ,Rumours (Super Deluxe),Ajyodv423RC,58,1977-02-04 00:00:00,83,[]
Lodvxp080ZA,Tickets To My Downfall,Acnmnj230EL,15,2020-09-25 00:00:00,84,[]
Liyjxp198VW,Heaven & Hell,Ayfppz567IR,15,2020-09-18 00:00:00,6,[]
Lmrumq708QF,A N N I V E R S A R Y,Aorkvk859CR,10,2020-10-02 00:00:00,70,[]
Lntgsy540ZH,Daisy,Alwkmp027PU,2,2020-07-09 00:00:00,68,[]
Lwctgp352MP,Immunity,Awkjxv369IC,11,2019-08-02 00:00:00,78,[]
Labmvl212BA,Heart Of Glass / Midnight Sky,Agozci438NR,2,2020-09-29 00:00:00,64,[]
Lpkjyu951BO,Nectar,Athsfw932GI,18,2020-09-24 00:00:00,71,[]
Lkbiil206KQ,Wiped Out!,Afyaxx183FL,11,2015-10-30 00:00:00,83,[]
Llhscx078VJ,13 Organisé,Ahunps785PO,13,2020-10-09 00:00:00,1,[]
Lxcgqx168GM,Pity Party,Arwotf590DO,12,2020-10-09 00:00:00,60,[]
Lmfebl552UE,Hybrid Theory (Bonus Edition),Ardzpi889GY,15,2000-10-24 00:00:00,83,[]
Lqmnmn516ES,(What's The Story) Morning Glory? [Remastered],Agpcqu584NJ,40,1995-10-02 00:00:00,76,[]
Lkencu103XW,Piseiro 2020 Ao Vivo,Ayuvpa478OV,15,2020-10-15 00:00:00,60,[]
Lgwxlb678FG,What You See Ain't Always What You Get (Deluxe Edition),Akvbtw125GX,23,2020-10-23 00:00:00,79,[]
Llmjzq674EL,Featuring Ty Dolla $ign,Amphup660JY,25,2020-10-23 00:00:00,75,[]
Lqtbet758GT,Eyes wide open,Ahynuk774XP,13,2020-10-26 00:00:00,59,[]
Lshdza142HT,Colour Vision,Asscpc901VQ,12,2020-09-18 00:00:00,64,[]
Lvrgcw236BQ,Loose,Awqpqn921LG,17,2006-01-01 00:00:00,82,[]
Lwylac312SV,21,Aryrlx767RG,11,2011-01-19 00:00:00,5,[]
Lkgvvi173MT,Positions,Apkgmp051IT,14,2020-10-30 00:00:00,88,[]
Ltjqqp180MF,Love Goes,Aypzvu717DW,17,2020-10-30 00:00:00,78,[]
Lqfsad344EF,Thriller 25 Super Deluxe Edition,Ajopyx388IG,30,1982-11-30 00:00:00,83,[]
Lllzcc179MF,Hollywood Uncut,Abopzu106LE,13,2020-10-29 00:00:00,2,[]
Lfqykv955KF,Highway to Hell,Asawjt705TH,10,1979-07-27 00:00:00,79,[]
Lsdvvw576OI,The Prelude,Ahqxda986OC,6,2020-07-17 00:00:00,72,[]
Lxzyiz230PR,F*CK LOVE (SAVAGE),Abicro618UA,22,2020-11-06 00:00:00,85,[]
Lqpqqm494ZT,Confetti,Acjdht646DY,13,2020-11-06 00:00:00,73,[]
Lbpznw457IB,LAST CHRISTMAS,Aowlbj593UN,3,1984-11-29 00:00:00,65,[]
Lmxpnq483IY,Afrodisíaco,Alhxdh200XJ,16,2020-11-13 00:00:00,80,[]
Ltuixc486CI,Pluto x Baby Pluto,Amvniq015JL,16,2020-11-13 00:00:00,74,[]
Lpgpsb047PN,Christmas,Akvcpy916LI,16,2011-10-14 00:00:00,58,[]
Leqfug310ID,Merry Christmas From Brenda Lee,Anszwi239OC,12,1964-10-19 00:00:00,64,[]
Lqevjv630AR,The Classic Years: 1956-1962,Abddyf954UB,62,1992-01-01 00:00:00,47,[]
Lsunre235KN,The Andy Williams Christmas Album,Awodla100LD,12,1963-01-01 00:00:00,48,[]
Lakkgx737GA,Parachutes,Afsvsp815BQ,10,2000-07-10 00:00:00,84,[]
Luyrbd146QV,Wrapped In Red,Agiclk099SX,16,2013-10-25 00:00:00,60,[]
Lqdbzm210SC,BE,Arottg631PO,8,2020-11-20 00:00:00,87,[]
Lrkzru312SV,While The World Was Burning,Azmxwp001OE,13,2020-11-20 00:00:00,0,[]
Lcbbcg181GK,Jingle Bell Rock/Captain Santa Claus (And His Reindeer Space Patrol),Abddyf954UB,2,1957-12-02 00:00:00,63,[]
Liwpcr724LB,Famoso,Asfqsp629UC,13,2020-11-20 00:00:00,4,[]
Ldxbrv949UX,Under The Mistletoe (Deluxe Edition),Azwhoy014ZU,15,2011-01-01 00:00:00,66,[]
Lyunfw164ZK,A Winter Romance,Adbsso663PG,12,1959-01-01 00:00:00,63,[]
Lmqqux853WE,AYAYAY! (Súper Deluxe),Aqpgdf743MF,14,2020-11-13 00:00:00,69,[]
Leqdeo189RP,Caroling at Christmas,Aknoej147MG,54,2019-11-09 00:00:00,36,[]
Lwxvqf581YS,The Definite Best,Adecli008LO,23,2001-09-03 00:00:00,52,[]
Lvoztb919VB,Christmas Songs by Sinatra,Aoyoyi052ME,14,1994-11-08 00:00:00,60,[]
Lpbecv974FJ,Do They Know It's Christmas?,Atrvba853WY,2,2004-01-01 00:00:00,56,[]
Lhfmky144EE,The 20/20 Experience (Deluxe Version),Axgvbu995FD,12,2013-03-15 00:00:00,74,[]
Lmiusy693PK,McCartney II (Special Edition),Adpste276ND,19,1980-05-16 00:00:00,27,[]
Lwlkac097YL,"Dancing with Strangers (Deluxe Edition, 2019 Remaster)",Acjscy151IK,28,1987-08-02 00:00:00,48,[]
Lxhvzt918UL,EL ÚLTIMO TOUR DEL MUNDO,Aayrna027II,16,2020-11-27 00:00:00,90,[]
Llnosn355QN,Plastic Hearts,Agozci438NR,15,2020-11-27 00:00:00,82,[]
Lekskc336EK,My Name Is José Feliciano,Adecli008LO,23,2001-09-24 00:00:00,47,[]
Lwvjpc034WN,Signature Box,Ahtqih294DD,119,2010-10-05 00:00:00,62,[]
Lbowkb442QB,Merry Christmas Everyone,Aqrcfh273QX,13,1991-11-25 00:00:00,55,[]
Lldbro063SG,The Christmas Song (Expanded Edition),Atekor419JI,19,1962-01-01 00:00:00,63,[]
Luzghu514OM,Have A Holly Jolly Christmas,Ahtrgn482ZK,12,1965-01-01 00:00:00,57,[]
Ljmubo108OZ,Holiday Inn (Original Motion Picture Soundtrack),Aodpxd153DW,12,1942-01-01 00:00:00,56,[]
Lcruis091MF,Más Negro Que Rojo,Atqorl983HB,14,2020-07-31 00:00:00,74,[]
Lfbihn028ZO,Studio Killers,Accgzw683SV,11,2013-06-04 00:00:00,44,[]
Laktcm050KJ,If I Should Fall from Grace with God (Expanded Edition),Azuplj526HV,19,1988-09-05 00:00:00,57,[]
Lgholp775JO,Glow,Agpbqh337EP,11,2016-10-28 00:00:00,52,[]
Lbwwiy692OC,Greatest Christmas Songs,Aoabmh533NX,21,1999-08-20 00:00:00,56,[]
Lstrow418ZP,Sleigh Ride,Aautvq003YE,15,2020-12-04 00:00:00,47,[]
Lizrqe894ZW,Kylie Christmas,Apgysa757OW,13,2015-11-13 00:00:00,44,[]
Llptup184HV,Elvis' Christmas Album,Aoeiry863ZZ,12,1957-10-15 00:00:00,60,[]
Lqiefw041OF,Goodbye Yellow Brick Road (40th Anniversary Celebration / Super Deluxe),Anhpve156JJ,52,1973-10-05 00:00:00,56,[]
Lhzfng876EZ,"Christmas (Baby, Please Come Home)",Alzaoa908FL,15,2020-12-04 00:00:00,48,[]
Lozroz134FX,Jingle Bell Rock,Arkqkr648ON,2,1983-11-01 00:00:00,49,[]
Llewxr486IU,Rock 'N' Roll Rarities,Auylyw752GK,20,1986-01-01 00:00:00,55,[]
Lyypvy805NP,At My Worst (Joel Corry Remix),Ahqxda986OC,2,2020-12-04 00:00:00,53,[]
Lwuwgf679VA,evermore,Ajnqvy441TG,15,2020-12-10 00:00:00,72,[]
Lxfekn375XK,Man On The Moon III: The Chosen,Aehpfe075AR,18,2020-12-11 00:00:00,79,[]
Lztqje798VB,Everyday Is Christmas (Deluxe Edition),Awjknz785CH,13,2018-11-01 00:00:00,72,[]
Lxygfd233RY,Thats What They All Say,Ausypa539KO,15,2020-12-11 00:00:00,81,[]
Luhpmk376YM,The Works (Deluxe Edition 2011 Remaster),Aynmgo955OB,15,1984-02-27 00:00:00,69,[]
Lbxavi649KZ,You Make It Feel Like Christmas,Asclyf929FA,12,2017-10-06 00:00:00,51,[]
Lyaepa102JS,Music To Be Murdered By - Side B (Deluxe Edition),Aarvof428TN,36,2020-12-18 00:00:00,78,[]
Ljhxpi264ZR,Holiday Wishes,Acjdkl223CG,12,2014-10-10 00:00:00,53,[]
Lbjxij102HB,Heavenly Eartha,Apsrpl118PD,14,2002-01-01 00:00:00,46,[]
Lfawjg337EE,Home Alone (Original Motion Picture Soundtrack) [Anniversary Edition],Adveki092LM,19,1990-01-01 00:00:00,59,[]
Lrxtll114KX,Christmas Kisses,Apkgmp051IT,4,2013-01-01 00:00:00,60,[]
Lmcqfk273UA,Someday At Christmas,Acqbzo482JW,12,1967-11-01 00:00:00,46,[]
Lmhdxx333AQ,Wonder (Holiday Deluxe),Aoiekc907LD,16,2020-12-05 00:00:00,52,[]
Luzdqx570JH,"Christmas, With Love",Aotwyf377FG,10,2013-12-02 00:00:00,51,[]
Lrqmhn679ZL,The Beach Boys' Christmas Album,Atpiqz166ET,12,1964-11-09 00:00:00,51,[]
Lqqmhn129QI,Title (Expanded Edition),Aufkxy250RA,18,2015-01-09 00:00:00,61,[]
Lqfiyi258TV,A Jolly Christmas From Frank Sinatra,Aoyoyi052ME,15,,60,[]
Lgxlyj301AV,Mariah Carey's Magical Christmas Special (Apple TV+ Original Soundtrack),Aftbfb889MI,17,2020-12-11 00:00:00,44,[]
Lmjqpu638DI,Christmas With Bing Crosby,Aodpxd153DW,30,2020-10-09 00:00:00,32,[]
Luihhu629FG,A Pentatonix Christmas,Adajil038AH,11,2016-10-21 00:00:00,61,[]
Lebvkb657BQ,Donny Hathaway,Auwqvh737ON,11,1971-01-01 00:00:00,56,[]
Lgaynw659WV,Snowfall - The Tony Bennett Christmas Album,Aoqxdh289OV,11,1968-11-06 00:00:00,15,[]
Llxzcd890HA,Home For Christmas,Afmsge466VY,14,1998-10-23 00:00:00,35,[]
Lumkct329WW,Please Come Home for Christmas / Funky New Year (2013 Remaster),Aazolm264PY,2,1994-01-01 00:00:00,48,[]
Lkrgcq251TZ,A Very Trainor Christmas,Aufkxy250RA,18,2020-10-30 00:00:00,56,[]
Lfnoek560OR,Whole Lotta Red,Aphtkh048UP,24,2020-12-25 00:00:00,86,[]
Lqpddw758ZQ,Diferente dos Iguais,Acsxyh250LA,16,2020-12-17 00:00:00,53,[]
Lmdpdx603MB,Dreamland (+ Bonus Levels),Ajhpki224TF,18,2020-08-06 00:00:00,85,[]
Laynrl587NW,DVD Novo dos Barões da Pisadinha Ao Vivo,Ayuvpa478OV,15,2020-10-15 00:00:00,58,[]
Lkbqnq024ZO,AM,Awgkuf564GO,12,2013-01-01 00:00:00,65,[]
Laxujf052KU,O My Heart,Aqcdhs912HL,12,2008-09-23 00:00:00,81,[]
Lkyfvn083EG,Nevermind (Deluxe Edition),Afxiir780AB,40,1991-09-26 00:00:00,83,[]
Ltjqpb600WE,Dangerous: The Double Album,Alijut223BY,30,2021-01-08 00:00:00,86,[]
Lpyrfl722DW,Nobody Is Listening,Angugt246EA,11,2021-01-15 00:00:00,72,[]
Lgtrsr120AO,DEMIDEVIL,Alwkmp027PU,10,2021-01-15 00:00:00,78,[]
Lkaokr132FV,Safadão Amplificado,Anditg289ZB,8,2020-11-12 00:00:00,64,[]
Lfvdnz082KA,Sempiternal (Expanded Edition),Aobzgh216RW,13,2013-04-01 00:00:00,77,[]
Lhuimc097OH,KrING,Adaddz235UY,26,2019-10-04 00:00:00,71,[]
Lsrzez007JB,Los Dioses,Agnmah088WG,12,2021-01-22 00:00:00,72,[]
Lxsfwy225UY,Baile do DJ Ivis: Piseiro Hits,Auhbue630UT,10,2020-11-26 00:00:00,14,[]
Lsrxzf014EA,#7DJ (7 Días En Jamaica),Aljgsw978BP,7,2021-01-28 00:00:00,69,[]
Lmrqab145DI,Beauty Behind The Madness,Ahvkzg475WU,14,2015-08-28 00:00:00,86,[]
Lkgsys353MO,Up (Instrumental),Abbibo036DF,2,2021-02-04 00:00:00,69,[]
Lqctth633OO,Small Town Boy (Track By Track),Atkwuz160RW,26,2020-11-12 00:00:00,70,[]
Lplaiy842DS,Doo-Wops & Hooligans,Arpcgh589UD,10,2010-10-05 00:00:00,84,[]
Lppgho324CE,Blurryface,Ammfdv561RH,14,2015-05-15 00:00:00,85,[]
Lrbkri951SB,Future Nostalgia (The Moonlight Edition),Azvkpw399TU,19,2021-02-11 00:00:00,84,[]
Lfqfvu966MS,TAKE TIME,Aefffp821IZ,8,2020-03-27 00:00:00,82,[]
Lnkfcz766RU,PINK PLANET,Ahqxda986OC,18,2021-02-12 00:00:00,76,[]
Lllndl289IL,Native,Aqcdin461ZQ,12,2013-01-01 00:00:00,78,[]
Lmgsaf562QX,Time Flies...1994-2009,Agpcqu584NJ,27,2010-01-01 00:00:00,48,[]
Lnemro006LM,Los Legendarios 001,Avwyra419IR,19,2021-02-04 00:00:00,75,[]
Llzjpa567EG,Loyalty Over Royalty,Admsfv787YU,8,2021-02-19 00:00:00,69,[]
Ldrqzo080ZJ,Sin Miedo (del Amor y Otros Demonios) ∞,Aqkdjj036FC,13,2020-12-04 00:00:00,82,[]
Lxuajw198MV,Positions (Deluxe),Apkgmp051IT,19,2021-02-19 00:00:00,76,[]
Lkyuti060ZC,Som No Talo,Aelvge316SI,7,2021-01-22 00:00:00,69,[]
Lnuhoj344JL,Shiesty Season,Agfipv903TZ,17,2021-02-05 00:00:00,72,[]
Lfjxvb170QM,Hunting High and Low,Aesnto115BQ,10,1985-06-01 00:00:00,78,[]
Lcgsne066UY,Making Mirrors,Adzpyt609YN,12,2011-01-01 00:00:00,73,[]
Lpktzq963UL,IIII,Aaaatw259CH,17,2021-02-26 00:00:00,72,[]
Lolkfr640ND,El Madrileño,Aljsrc219QM,14,2021-02-26 00:00:00,80,[]
Ludfew014QC,Scary Hours 2,Afavko122BS,3,2021-03-05 00:00:00,82,[]
Lyytzu434JH,Mis Manos,Aahsim426MM,11,2021-03-04 00:00:00,81,[]
Ldkzcm975LK,ULTRA,Ayyvym856XB,14,2021-03-04 00:00:00,70,[]
Lajwxb435II,The Papercut Chronicles II,Avvzfz410AH,11,2011-11-11 00:00:00,76,[]
Lruqix434NL,Providence,Acwxaw706FM,11,2016-02-05 00:00:00,73,[]
Lalfkq115DP,R,Aqptnz718WS,2,2021-03-12 00:00:00,71,[]
Lezxmo126DF,Revelación - EP,Adpcab371AB,7,2021-03-12 00:00:00,77,[]
Lalqtf328EV,"Aqui e Agora, Vol.1 (Ao Vivo)",Apiukx758CU,9,2021-01-29 00:00:00,75,[]
Lluwbv886ZS,Follow You / Cutthroat,Acvxhp847TQ,2,2021-03-12 00:00:00,74,[]
Lthycd279XD,The Papercut Chronicles,Avvzfz410AH,18,2005-02-22 00:00:00,73,[]
Llfdqz593RA,"No Pelo 3, Pt. 1 (Ao Vivo)",Aiqvvz485ML,5,2020-11-13 00:00:00,69,[]
Lwdsid528OD,Flying Solo,Alrjcv607ER,11,2019-06-14 00:00:00,74,[]
Lpicco595HW,Justice,Azwhoy014ZU,16,2021-03-19 00:00:00,91,[]
Ladpce033CZ,Headshot,Axhbpb739OB,2,2021-03-19 00:00:00,8,[]
Loggdb915FK,Overexposed Track By Track,Akfizu190BH,33,2012-01-01 00:00:00,79,[]
Lfxtab343XB,El Dorado,Aevmxv032MK,13,2021-03-26 00:00:00,84,[]
Lcwnka629EE,KG0516,Ablrnm325TU,16,2021-03-26 00:00:00,85,[]
Loxick989FS,SoulFly,Aqambh110QF,19,2021-03-26 00:00:00,48,[]
Lupemt688IA,Honeymoon,Aidzmd706JH,9,2020-02-14 00:00:00,74,[]
Llibpy878FU,All My Demons Greeting Me As A Friend (Deluxe),Apybjj539XY,17,2016-03-11 00:00:00,75,[]
Lkwxaq766TL,Girls Like Us,Aoutgv291OS,2,2021-01-12 00:00:00,68,[]
Lvzdan363PP,Para Mi Ex,Asmehx662RM,4,2020-12-15 00:00:00,72,[]
Lpfmcf771NT,The Days / Nights,Auedyx118TB,4,2014-01-01 00:00:00,80,[]
Ltipwc262BZ,Destined 2 Win,Axhbpb739OB,21,2021-04-02 00:00:00,84,[]
Lxjlhi347MV,Dancing With The Devil…The Art of Starting Over (Expanded Edition),Aicjkm469HT,22,2021-04-01 00:00:00,63,[]
Lvpbch843CJ,Electra Heart,Aolnyz452UL,12,2012-04-27 00:00:00,52,[]
Lzwvwe439UU,Fearless (Taylor's Version),Ajnqvy441TG,26,2021-04-09 00:00:00,84,[]
Lvyrxc373CY,42,Avlseu171IZ,11,2021-04-15 00:00:00,82,[]
Luhxyy168CB,The Definition of X: Pick Of The Litter,Aayxbm489BJ,20,2007-06-12 00:00:00,66,[]
Luwkrm680DA,Long Way Down,Ajielm360XN,10,2013-06-17 00:00:00,46,[]
Lytsmf413YX,Dopamina,Astzok568HD,13,2021-04-09 00:00:00,74,[]
Llqxwa837CA,It's Dark And Hell Is Hot,Aayxbm489BJ,19,1998-05-01 00:00:00,68,[]
Lnlxqm727LW,Slime Language 2,Azvgtr473LC,23,2021-04-16 00:00:00,78,[]
Lkarzv723DA,"Da Roça Pra Cidade (Ao Vivo), Vol. 02",Ayuvpa478OV,2,2021-02-19 00:00:00,68,[]
Lowwpx307UB,The Marshall Mathers LP,Aarvof428TN,18,2000-05-23 00:00:00,84,[]
Lofnar045UA,Best Friend (feat. Doja Cat) [Remix EP] [Extended Edition],Ajlztt996FM,8,2021-04-23 00:00:00,68,[]
Ljmvom881UZ,Views,Afavko122BS,20,2016-05-06 00:00:00,85,[]
Lmsxvv362ZY,Unorthodox Jukebox,Arpcgh589UD,10,2012-12-05 00:00:00,54,[]
Llchde048PR,KHALED KHALED,Ayhfzq588MV,14,2021-04-30 00:00:00,80,[]
Lrxmtt410AO,GUESS WHO,Axtglg096JY,6,2021-04-30 00:00:00,74,[]
Lqlvbh058AM,Choker,Ammfdv561RH,2,2021-04-30 00:00:00,19,[]
Ltfxvk010MJ,Buds,Alyrep871DK,10,2015-05-10 00:00:00,24,[]
Llzjgq761CX,Primer Dia de Clases,Awaabd836TU,16,2021-02-05 00:00:00,80,[]
Lxsctw938FE,Evering Road (Deluxe),Ajilrf954MO,16,2021-03-12 00:00:00,72,[]
Luodog374OH,Todo Mundo Ama O Chris (Ao Vivo),Axbccs526DJ,23,2021-04-09 00:00:00,69,[]
Ljtnio022GE,2014 Forest Hills Drive,Avvnhp072IS,13,2014-12-09 00:00:00,85,[]
Lfrqwn352PM,Tudo Em Paz,Aplink921PQ,15,2021-04-22 00:00:00,81,[]
Lvftac202LG,The Off-Season,Avvnhp072IS,12,2021-05-14 00:00:00,85,[]
Ltptmb087FH,Beam Me Up Scotty,Abovjv379ZH,23,2021-05-14 00:00:00,73,[]
Ldyfmn925XM,sangiovanni,Auppsg369YT,6,2021-05-13 00:00:00,68,[]
Lzlele060AH,SOUR,Abiswn045GZ,11,2021-05-21 00:00:00,99,[]
Lmfrgv404AD,Butter,Arottg631PO,2,2021-05-21 00:00:00,42,[]
Ltjdnv824UT,Teatro d'ira - Vol. I,Altfvb218UB,8,2021-03-19 00:00:00,88,[]
Lavxsh998PT,All I Know So Far: Setlist,Aiojsq873RG,16,2021-05-21 00:00:00,67,[]
Lgwfzs609SQ,Scaled And Icy,Ammfdv561RH,11,2021-05-21 00:00:00,80,[]
Ldnyya667LX,SHUM,Aonpzl118HQ,2,2021-03-10 00:00:00,42,[]
Lqwsas783CX,Astronaut In The Ocean (International Remixes),Ahizta302EJ,5,2019-01-01 00:00:00,65,[]
Lajtuc841VP,Goodbye & Good Riddance (Anniversary Edition),Agxoxj358CJ,18,2021-05-28 00:00:00,74,[]
Loghep668WU,"Butter (Hotter, Sweeter, Cooler)",Arottg631PO,5,2021-06-04 00:00:00,85,[]
Lpmqbd476PD,Chosen,Altfvb218UB,7,2017-12-08 00:00:00,90,[]
Ljylgu520YK,The Voice of the Heroes,Ahidqz036ED,18,2021-06-04 00:00:00,81,[]
Legwad227QO,Last Train Home,Akbcjt866YD,4,2021-06-04 00:00:00,42,[]
Lzuhff998OG,The Chaos Chapter: FREEZE,Adikmr777CT,8,2021-05-31 00:00:00,11,[]
Lksoet896WS,Avec le temps,Axdkoi702KP,17,2021-06-04 00:00:00,70,[]
Lzotyg138BA,Hall of Fame,Avetia825ZQ,20,2021-06-11 00:00:00,84,[]
Lwebsp161BT,JORDI (Deluxe),Akfizu190BH,14,2021-06-11 00:00:00,86,[]
Lomwhq034KH,Culture III,Aczdin989VF,19,2021-06-11 00:00:00,78,[]
Lxfebx838OK,Marchand de sable,Awzzar619AW,15,2018-07-20 00:00:00,72,[]
Lhesni722UD,VICE VERSA,Alhxdh200XJ,14,2021-06-25 00:00:00,91,[]
Lqwkwk982IG,Planet Her,Askyst727PF,14,2021-06-25 00:00:00,98,[]
Ledjzf782EW,CALL ME IF YOU GET LOST,Aijpnr966ZK,16,2021-06-25 00:00:00,84,[]
Lkvwjw334YY,Piseiro Sofrência,Agvepq471UH,10,2021-04-29 00:00:00,57,[]
Lnoiha388BF,Inside (The Songs),Aqmret056GR,20,2021-06-10 00:00:00,85,[]
Lhqrby968KM,Eu Tenho a Senha,Afxwzl013CP,10,2021-06-01 00:00:00,86,[]
Lwxzgh271RD,Renegade (feat. Taylor Swift),Acuuxk895XB,3,2021-07-02 00:00:00,64,[]
Lyhful558ZV,"Falando de Amor, Vol. 1",Aibysa619BY,6,2021-06-19 00:00:00,78,[]
Lriywg383AM,Love Tonight,Aojqjo787WW,2,2017-12-14 00:00:00,82,[]
Llrzzs672FV,Lieben wir,Adrfun704AZ,2,2021-07-01 00:00:00,65,[]
Lhsere127RN,Here's Your Perfect,Ahlseq799FN,4,2021-04-30 00:00:00,78,[]
Lhbuws677PA,Butter / Permission to Dance,Arottg631PO,4,2021-07-09 00:00:00,81,[]
Lqyvkt600LP,"Na Praia, Pt. 1",Amgulv008QP,10,2021-07-09 00:00:00,71,[]
Lgrkhe314CZ,Faith,Aglqof902EJ,20,2021-07-16 00:00:00,83,[]
Lrbtxp698BV,lately I feel EVERYTHING,Avkmkp005PK,11,2021-07-16 00:00:00,73,[]
Lldugg325KL,Welcome To The Madhouse (Deluxe),Anunva949KA,20,2021-07-16 00:00:00,74,[]
Loassf021KM,Still Sleep?,Aakjsg787MC,14,2021-06-02 00:00:00,85,[]
Lkfsmz326BV,All Over The Place (Platinum VIP Edition),Addzss833WT,16,2021-07-15 00:00:00,65,[]
Lmbnfu025LL,Sob Rock,Akbcjt866YD,10,2021-07-16 00:00:00,80,[]
Ldmjfg925VA,F*CK LOVE 3: OVER YOU,Abicro618UA,29,2021-07-23 00:00:00,88,[]
Llecdq884PH,Permission to Dance,Arottg631PO,3,2021-07-23 00:00:00,76,[]
Lrxchw410IZ,Zukunft,Aognpp672VJ,15,2021-07-16 00:00:00,72,[]
Lcqxsn865OY,We're All Alone In This Together,Anhxmd409WU,12,2021-07-22 00:00:00,79,[]
Lxsarn600DQ,Therapy,Ajpqfk054TF,12,2021-07-23 00:00:00,76,[]
Lptwfi825QK,Country Stuff,Ahzlki430BS,6,2021-06-04 00:00:00,77,[]
Lzokkr746FP,No Love Lost (Deluxe),Azacwq605BB,14,2020-12-04 00:00:00,81,[]
Lxzhcl273ML,DOCE 22,Afeudf051SB,14,2021-07-18 00:00:00,79,[]
Ljilud810SM,Happier Than Ever,Akczza920HQ,16,2021-07-30 00:00:00,94,[]
Lmzloh767TM,Skate,Arpcgh589UD,2,2021-07-30 00:00:00,74,[]
Lwgqio467OJ,Auf & Ab,Aqznag107ZY,5,2021-07-30 00:00:00,75,[]
Lfezid999TP,Safe Haven,Adtumq194IM,12,2017-05-05 00:00:00,81,[]
Ldsodu413DT,TV,Atvqsv979AU,13,2021-05-20 00:00:00,74,[]
Lnabzh382UG,Love Tonight (David Guetta Remix),Aojqjo787WW,3,2021-06-11 00:00:00,78,[]
Lgzaap256JD,La Última Promesa,Abqyzg768UL,14,2021-08-19 00:00:00,84,[]
Lypety869SL,I GUESS I'M IN LOVE,Amvdui362NO,2,2021-08-20 00:00:00,81,[]
Lomady827DD,Trip At Knight,Assnvy671FH,17,2021-08-20 00:00:00,67,[]
Lthsef081JP,In The Lonely Hour (Deluxe),Aypzvu717DW,15,2014-01-01 00:00:00,62,[]
Lcuayq264RA,The Chaos Chapter: FIGHT OR ESCAPE,Adikmr777CT,11,2021-08-17 00:00:00,78,[]
Lozmkl391WA,Donda,Amdzmc530YF,27,2021-08-29 00:00:00,90,[]
Lztzvp593GS,"If I Can’t Have Love, I Want Power",Acbdhh778WH,13,2021-08-27 00:00:00,80,[]
Linkyl971XR,Human (Deluxe),Aqcdin461ZQ,16,2021-08-27 00:00:00,78,[]
Lhnqwr949QI,Animal,Aebsrt024QZ,11,2021-08-26 00:00:00,75,[]
Lokgez687CT,See You Next Wednesday,Aeital458SS,15,2021-08-27 00:00:00,64,[]
Lfddgs385DP,Helios,Amjauq144VM,12,2019-08-04 00:00:00,73,[]
Lqjjrg862VX,NOEASY,Arncdb544TI,14,2021-08-23 00:00:00,59,[]
Ldofem716TO,Only Honest On The Weekend,Arhsfi116PW,15,2021-08-27 00:00:00,72,[]
Lflnps135JZ,We Love You Tecca 2,Akzkad529ZW,20,2021-08-27 00:00:00,81,[]
Lsxtrt087UG,Gangsta's Paradise,Axnhzu989LZ,14,1995-11-07 00:00:00,79,[]
Lhrbmc825AS,Certified Lover Boy,Afavko122BS,21,2021-09-03 00:00:00,100,[]
Lttrrg765XF,I Still Have Faith In You / Don't Shut Me Down,Angygr145CG,2,2021-09-02 00:00:00,74,[]
Lddzci517GE,"Ugly is Beautiful: Shorter, Thicker & Uglier (Deluxe)",Afwjdr908SZ,21,2021-05-28 00:00:00,88,[]
Ldxkqn581NS,THE ANXIETY,Anxozv156QO,10,2020-03-13 00:00:00,85,[]
Lukwgy950ZI,Timelezz,Ansdhp180ZW,17,2021-09-03 00:00:00,86,[]
Lvpfxb881QO,Mercury - Act 1,Acvxhp847TQ,13,2021-09-03 00:00:00,82,[]
Lvdkvm883GB,Corta Venas,Aururq840XV,24,2020-12-18 00:00:00,83,[]
Lmriwp524BE,Chaaama,Amkexe362BS,6,2021-08-26 00:00:00,81,[]
Ljsuah769VJ,Shivers,Aulenb740HF,2,2021-09-13 00:00:00,89,[]
Lgvmix351HW,LALISA,Abenku851EN,2,2021-09-10 00:00:00,88,[]
Lpingv310TV,JOSE,Avfjzx106RC,24,2021-09-10 00:00:00,89,[]
Lzczwz887JP,The Melodic Blue,Auungq417VD,16,2021-09-10 00:00:00,84,[]
Lgvams662HB,Astronomical,Ahizta302EJ,17,2021-09-10 00:00:00,70,[]
Lnonpy540XC,Vamos Bien,Aanpvx274TM,15,2021-02-05 00:00:00,79,[]
Ltbfjh280VY,CKay The First,Anpyyy141QA,8,2019-08-30 00:00:00,88,[]
Lbachy983XV,Fancy Like (feat. Kesha),Ahzlki430BS,2,2021-09-10 00:00:00,66,[]
Lveemb241AJ,Born Sinner (Deluxe Version),Avvnhp072IS,21,2013-06-18 00:00:00,82,[]
Lxmlfx228TX,MONTERO,Autxgl880SJ,15,2021-09-17 00:00:00,97,[]
Ljbflw668FM,"Now, Then & Forever",Acwpro635RN,23,2013-09-11 00:00:00,47,[]
Lkpkza598MH,Stop Staring at the Shadows,Acqqrs459XS,12,2020-02-14 00:00:00,82,[]
Lwktwr990PK,1989,Ajnqvy441TG,13,2014-01-01 00:00:00,78,[]
Lejdkp488RV,My Universe,Afsvsp815BQ,2,2021-09-24 00:00:00,88,[]
Lgcbpi017EI,CRAZY IN LOVE,Axtglg096JY,16,2021-09-24 00:00:00,59,[]
Lpuqhi210CI,1989 (Deluxe),Ajnqvy441TG,19,2014-01-01 00:00:00,83,[]
Lrpkly303SM,The Eminem Show,Aarvof428TN,20,2002-05-26 00:00:00,86,[]
Lpjfgb278QA,Trip At Knight (Complete Edition),Assnvy671FH,18,2021-08-21 00:00:00,84,[]
Lzzxmv291GH,La 167,Azppbz590XD,25,2021-10-01 00:00:00,82,[]
Ljctia376CM,The Feels,Ahynuk774XP,6,2021-10-01 00:00:00,66,[]
Lqyaar026QY,Expensive Pain,Adgtoc789BF,18,2021-10-01 00:00:00,81,[]
Lhtyet891XB,we fell in love in october / forget her,Ajtuoo826TH,2,2018-11-21 00:00:00,79,[]
Lwqzxu028RS,MKTO,Avbafc572JS,11,2012-01-01 00:00:00,78,[]
Lvccrg610ZV,The Black Parade,Ashpfy582TE,14,2006-10-23 00:00:00,84,[]
Lqenaz071MZ,eat ya veggies,Ajlfgx367PO,12,2021-10-08 00:00:00,74,[]
Lsayjx492BT,Life of a DON,Apnyif698QC,16,2021-10-08 00:00:00,87,[]
Lezfmy637EM,Alma Vacía,Ayppau481EC,7,2021-08-20 00:00:00,79,[]
Lriamr331IA,Savage - The 1st Mini Album,Axjjzh068DG,6,2021-10-05 00:00:00,81,[]
Lckiqw420NB,Justice (The Complete Edition),Azwhoy014ZU,25,2021-10-08 00:00:00,82,[]
Lkzcfv198RK,25,Aryrlx767RG,11,2015-11-20 00:00:00,88,[]
Lurksw811TO,Songs for Dads,Ajdisv915RP,6,2014-11-28 00:00:00,80,[]
Lidrvi094MF,Music Of The Spheres,Afsvsp815BQ,12,2021-10-15 00:00:00,87,[]
Lasupl474WT,Punk,Auryuw432BY,20,2021-10-15 00:00:00,88,[]
Lhrmun180AP,19,Aryrlx767RG,12,2008-01-27 00:00:00,78,[]
Lezzig163BE,Feel Something,Aajbfu997KC,12,2017-06-23 00:00:00,79,[]
Lknnmk484GP,Faded,Asmbge477FI,3,2021-09-10 00:00:00,80,[]
Lksepo301SY,Kamikaze,Aarvof428TN,13,2018-08-31 00:00:00,80,[]
Lcctwv321EB,The Lockdown Sessions,Anhpve156JJ,16,2021-10-22 00:00:00,76,[]
Lhhgbh142ZA,Caja de Música,Awrxpn876FA,13,2015-06-16 00:00:00,73,[]
